Filename,Run Count,Last Run Date
"D:\steam\userdata\467591275\760\remote\105600\screenshots",4,132049510332061341
"C:\Users\ASUS\AppData\Roaming\npm\node_modules\reveal-md\lib\template\reveal.html",2,132047298830463825
"C:\Users\ASUS\AppData\Roaming\npm\node_modules\reveal-md\node_modules\reveal.js",2,132047295088921316
"C:\Users\ASUS\AppData\Local\CentBrowser\User Data\Default\Extensions\oofgbpoabipfcfjapgnbbjjaenockbdp",2,132042552921911995
"C:\Users\ASUS\AppData\Local\CentBrowser\User Data\Default\Extensions\alfnggielnhdpdamedeokgppcilgainm",1,132057472799714915
"C:\Users\ASUS\AppData\Local\CentBrowser\User Data\Default\Extensions\dhdgffkkebhmkfjojejmpbldmpobfkfo",1,132049510472392736
"D:\web\HBuilderX\plugins\npm\node_modules\npm\node_modules\cli-table2\examples\screenshots",1,132048819472827273
"D:\web\HBuilderX\plugins\nodeserver\node_modules\colors\screenshots",1,132048819445988208
"D:\dw\Adobe Dreamweaver CC 2019\node\node-core\services\Linters\node_modules\colors\screenshots",1,132048819282428424
"C:\Users\ASUS\Pictures\Screenshots",1,132048819243548081
"C:\Users\ASUS\Documents\Image-Line\FL Studio\Artwork\Screenshots",1,132048819184653115
"C:\Users\ASUS\AppData\Local\Packages\Microsoft.Windows.Photos_8wekyb3d8bbwe\LocalState\PhotosAppBackground\431960_screenshots_20190612185916_1.jpg",1,132048819139052298
"C:\Users\ASUS\AppData\Roaming\npm\node_modules\reveal-md",1,132046528927807001
"C:\Program Files (x86)\Microsoft Visual Studio\2019\Community\Common7\IDE\CommonExtensions\Microsoft\Architecture Tools\Providers\NativeProgressiveReveal",1,132046528875117422
"C:\Users\ASUS\Downloads\直播源\卫视频道.dpl",1,132041239881477062
"C:\Users\ASUS\AppData\Roaming\Microsoft\Internet Explorer\Quick Launch\PotPlayer 64 bit.lnk",1,132041239526314869
"C:\Users\ASUS\Documents\Tencent Files\1761512493\FileRecv\雷电安卓模拟器绿色移动版r.7z",1,132040822926501138
"C:\Users\ASUS\Documents\雷电模拟器",1,132040822775763191
"D:\pr cs6\premiere_cs6_2\premiere_cs6\Adobe Premiere Pro CS6\Presets\Templates\B 教育\毕业典礼",1,132040354744427280
"D:\mac快速打开\QuickLook-3.6.4\QuickLook.Plugin\QuickLook.Plugin.ImageViewer",1,132036878848146954
"C:\Users\ASUS\AppData\Local\Packages\21090PaddyXu.QuickLook_egxr34yet59cg\LocalCache\Roaming\pooi.moe\QuickLook",1,132036878767839412
"D:\PotPlayer\PotPlayerMini64.exe",1,132034051830186782
"C:\Users\ASUS\AppData\Roaming\npm\pxder.cmd",1,132031676970832367
